<?xml version="1.0" ?>
<manifest identifier="RSECA_Manifest" version="1"
       xmlns="http://www.imsproject.org/xsd/imscp_rootv1p1p2"
       xmlns:adlcp="http://www.adlnet.org/xsd/adlcp_rootv1p2"
       xmlns:xsi="http://www.w3.org/2001/XMLSchema-instance"
       xsi:schemaLocation="http://www.imsproject.org/xsd/imscp_rootv1p1p2 imscp_rootv1p1p2.xsd
                           http://www.imsglobal.org/xsd/imsmd_rootv1p2p1 imsmd_rootv1p2p1.xsd
                           http://www.adlnet.org/xsd/adlcp_rootv1p2 adlcp_rootv1p2.xsd">
  <metadata>
    <schema>ADL SCORM</schema>
    <schemaversion>1.2</schemaversion>
  </metadata>
  <organizations default="Dispatch">
    <organization identifier="Dispatch">

      <!--****** Title ******-->
<title>{{SCORM_TITLE}}</title>

      <item identifier="i1" identifierref="r1" isvisible="true">

        <!--****** Title ******-->
<title>{{SCORM_TITLE}}</title>
      </item>
    </organization>
  </organizations>
  <resources>
    <resource identifier="r1" type="webcontent" adlcp:scormtype="sco" href="dispatch.html">
      <!--****** FILES ******-->
      <file href="dispatch.html"/>
    </resource>
  </resources>
</manifest>
